<?xml version="1.0" encoding="UTF-8"?>
<project-private xmlns="http://www.netbeans.org/ns/project-private/1">
    <editor-bookmarks xmlns="http://www.netbeans.org/ns/editor-bookmarks/2" lastBookmarkId="0"/>
    <open-files xmlns="http://www.netbeans.org/ns/projectui-open-files/2">
        <group>
            <file>file:/C:/Users/KRITTAPAK/Documents/NetBeansProjects/DataStructure320/src/Other/StarCalculator.java</file>
            <file>file:/C:/Users/KRITTAPAK/Documents/NetBeansProjects/DataStructure320/src/Hash/FrequencyCounter.java</file>
            <file>file:/C:/Users/KRITTAPAK/Documents/NetBeansProjects/DataStructure320/src/Other/star.java</file>
            <file>file:/C:/Users/KRITTAPAK/Documents/NetBeansProjects/DataStructure320/src/BST/TestBST.java</file>
            <file>file:/C:/Users/KRITTAPAK/Documents/NetBeansProjects/DataStructure320/src/BinarySearch/BinarySearchBS.java</file>
            <file>file:/C:/Users/KRITTAPAK/Documents/NetBeansProjects/DataStructure320/src/ProrityQueue/TestPriorityQueue.java</file>
        </group>
    </open-files>
</project-private>
